[
  {
    "_id": "43fb5270-8d59-11e8-8a22-b3f2ff370e99",
    "_type": "dashboard",
    "_source": {
      "title": "[taxi]Fares",
      "hits": 0,
      "description": "Taxi Fare information",
      "panelsJSON": "[{\"panelIndex\":\"1\",\"gridData\":{\"x\":0,\"y\":0,\"w\":24,\"h\":15,\"i\":\"1\"},\"embeddableConfig\":{\"vis\":{\"legendOpen\":false}},\"id\":\"b97fe9d0-8d53-11e8-8a22-b3f2ff370e99\",\"type\":\"visualization\",\"version\":\"6.3.0\"},{\"panelIndex\":\"2\",\"gridData\":{\"x\":0,\"y\":15,\"w\":24,\"h\":15,\"i\":\"2\"},\"embeddableConfig\":{},\"id\":\"ba10d4a0-8d52-11e8-8a22-b3f2ff370e99\",\"type\":\"visualization\",\"version\":\"6.3.0\"},{\"panelIndex\":\"3\",\"gridData\":{\"x\":24,\"y\":15,\"w\":24,\"h\":15,\"i\":\"3\"},\"embeddableConfig\":{},\"id\":\"ed706180-8d52-11e8-8a22-b3f2ff370e99\",\"type\":\"visualization\",\"version\":\"6.3.0\"},{\"panelIndex\":\"8\",\"gridData\":{\"x\":24,\"y\":0,\"w\":24,\"h\":15,\"i\":\"8\"},\"version\":\"6.3.0\",\"type\":\"visualization\",\"id\":\"9f049600-8d53-11e8-8a22-b3f2ff370e99\",\"embeddableConfig\":{\"vis\":{\"legendOpen\":false}}}]",
      "optionsJSON": "{\"darkTheme\":false,\"hidePanelTitles\":false,\"useMargins\":true}",
      "version": 1,
      "timeRestore": false,
      "kibanaSavedObjectMeta": {
        "searchSourceJSON": "{\"query\":{\"language\":\"lucene\",\"query\":\"\"},\"filter\":[],\"highlightAll\":true,\"version\":true}"
      }
    },
    "_meta": {
      "savedObjectVersion": 2
    }
  },
  {
    "_id": "9920ceb0-8d59-11e8-8a22-b3f2ff370e99",
    "_type": "dashboard",
    "_source": {
      "title": "[taxi]Locations",
      "hits": 0,
      "description": "Taxi Pickup and Dropoff Locations",
      "panelsJSON": "[{\"panelIndex\":\"4\",\"gridData\":{\"x\":29,\"y\":0,\"w\":17,\"h\":15,\"i\":\"4\"},\"embeddableConfig\":{},\"id\":\"1a169720-8d23-11e8-8a22-b3f2ff370e99\",\"type\":\"visualization\",\"version\":\"6.3.1\"},{\"panelIndex\":\"5\",\"gridData\":{\"x\":12,\"y\":0,\"w\":17,\"h\":15,\"i\":\"5\"},\"embeddableConfig\":{},\"id\":\"3245ff20-8d23-11e8-8a22-b3f2ff370e99\",\"type\":\"visualization\",\"version\":\"6.3.1\"},{\"panelIndex\":\"7\",\"gridData\":{\"x\":0,\"y\":0,\"w\":12,\"h\":15,\"i\":\"7\"},\"embeddableConfig\":{},\"id\":\"1789e7b0-8f66-11e8-b05e-ddb4a1e44d1c\",\"type\":\"visualization\",\"version\":\"6.3.1\"},{\"panelIndex\":\"8\",\"gridData\":{\"x\":0,\"y\":15,\"w\":46,\"h\":17,\"i\":\"8\"},\"version\":\"6.3.1\",\"type\":\"search\",\"id\":\"9924e040-8f70-11e8-b05e-ddb4a1e44d1c\",\"embeddableConfig\":{}}]",
      "optionsJSON": "{\"darkTheme\":false,\"hidePanelTitles\":false,\"useMargins\":true}",
      "version": 1,
      "timeRestore": false,
      "kibanaSavedObjectMeta": {
        "searchSourceJSON": "{\"query\":{\"language\":\"lucene\",\"query\":\"\"},\"filter\":[],\"highlightAll\":true,\"version\":true}"
      }
    },
    "_meta": {
      "savedObjectVersion": 2
    }
  },
  {
    "_id": "9924e040-8f70-11e8-b05e-ddb4a1e44d1c",
    "_type": "search",
    "_source": {
      "title": "[taxi]Pickup to Drop off fare table",
      "description": "",
      "hits": 0,
      "columns": [
        "PULocationID_t",
        "DOLocationID_t",
        "fare_amount",
        "tip_amount",
        "total_amount",
        "trip_distance"
      ],
      "sort": [
        "trip_distance",
        "desc"
      ],
      "version": 1,
      "kibanaSavedObjectMeta": {
        "searchSourceJSON": "{\"index\":\"441a7ea0-8c66-11e8-87fa-7bd57befa5ed\",\"highlightAll\":true,\"version\":true,\"query\":{\"language\":\"lucene\",\"query\":\"\"},\"filter\":[]}"
      }
    },
    "_meta": {
      "savedObjectVersion": 2
    }
  },
  {
    "_id": "4eced860-8d32-11e8-8a22-b3f2ff370e99",
    "_type": "visualization",
    "_source": {
      "title": "[taxi]total ride count",
      "visState": "{\"aggs\":[],\"params\":{\"spec\":\"{\\n/*\\n\\nWelcome to Vega visualizations.  Here you can design your own dataviz from scratch using a declarative language called Vega, or its simpler form Vega-Lite.  In Vega, you have the full control of what data is loaded, even from multiple sources, how that data is transformed, and what visual elements are used to show it.  Use help icon to view Vega examples, tutorials, and other docs.  Use the wrench icon to reformat this text, or to remove comments.\\n\\nThis example graph shows the document count in all indexes in the current time range.  You might need to adjust the time filter in the upper right corner.\\n*/\\n\\n  $schema: https://vega.github.io/schema/vega-lite/v2.json\\n  title: Event counts from all indexes\\n\\n  // Define the data source\\n  data: {\\n    url: {\\n/*\\nAn object instead of a string for the \\\"url\\\" param is treated as an Elasticsearch query. Anything inside this object is not part of the Vega language, but only understood by Kibana and Elasticsearch server. This query counts the number of documents per time interval, assuming you have a @timestamp field in your data.\\n\\nKibana has a special handling for the fields surrounded by \\\"%\\\".  They are processed before the the query is sent to Elasticsearch. This way the query becomes context aware, and can use the time range and the dashboard filters.\\n*/\\n\\n      // Apply dashboard context filters when set\\n      %context%: true\\n      // Filter the time picker (upper right corner) with this field\\n      %timefield%: @timestamp\\n\\n/*\\nSee .search() documentation for :  https://www.elastic.co/guide/en/elasticsearch/client/javascript-api/current/api-reference.html#api-search\\n*/\\n\\n      // Which index to search\\n      index: _all\\n      // Aggregate data by the time field into time buckets, counting the number of documents in each bucket.\\n      body: {\\n        aggs: {\\n          time_buckets: {\\n            date_histogram: {\\n              // Use date histogram aggregation on @timestamp field\\n              field: @timestamp\\n              // The interval value will depend on the daterange picker (true), or use an integer to set an approximate bucket count\\n              interval: {%autointerval%: true}\\n              // Make sure we get an entire range, even if it has no data\\n              extended_bounds: {\\n                // Use the current time range's start and end\\n                min: {%timefilter%: \\\"min\\\"}\\n                max: {%timefilter%: \\\"max\\\"}\\n              }\\n              // Use this for linear (e.g. line, area) graphs.  Without it, empty buckets will not show up\\n              min_doc_count: 0\\n            }\\n          }\\n        }\\n        // Speed up the response by only including aggregation results\\n        size: 0\\n      }\\n    }\\n/*\\nElasticsearch will return results in this format:\\n\\naggregations: {\\n  time_buckets: {\\n    buckets: [\\n      {\\n        key_as_string: 2015-11-30T22:00:00.000Z\\n        key: 1448920800000\\n        doc_count: 0\\n      },\\n      {\\n        key_as_string: 2015-11-30T23:00:00.000Z\\n        key: 1448924400000\\n        doc_count: 0\\n      }\\n      ...\\n    ]\\n  }\\n}\\n\\nFor our graph, we only need the list of bucket values.  Use the format.property to discard everything else.\\n*/\\n    format: {property: \\\"aggregations.time_buckets.buckets\\\"}\\n  }\\n\\n  // \\\"mark\\\" is the graphics element used to show our data.  Other mark values are: area, bar, circle, line, point, rect, rule, square, text, and tick.  See https://vega.github.io/vega-lite/docs/mark.html\\n  mark: line\\n\\n  // \\\"encoding\\\" tells the \\\"mark\\\" what data to use and in what way.  See https://vega.github.io/vega-lite/docs/encoding.html\\n  encoding: {\\n    x: {\\n      // The \\\"key\\\" value is the timestamp in milliseconds.  Use it for X axis.\\n      field: key\\n      type: temporal\\n      axis: {title: false} // Customize X axis format\\n    }\\n    y: {\\n      // The \\\"doc_count\\\" is the count per bucket.  Use it for Y axis.\\n      field: doc_count\\n      type: quantitative\\n      axis: {title: \\\"Document count\\\"}\\n    }\\n  }\\n}\\n\"},\"title\":\"[taxi]total ride count\",\"type\":\"vega\"}",
      "uiStateJSON": "{}",
      "description": "",
      "version": 1,
      "kibanaSavedObjectMeta": {
        "searchSourceJSON": "{}"
      }
    },
    "_meta": {
      "savedObjectVersion": 2
    }
  },
  {
    "_id": "ed706180-8d52-11e8-8a22-b3f2ff370e99",
    "_type": "visualization",
    "_source": {
      "title": "[taxi]Average tip amount",
      "visState": "{\"title\":\"[taxi]Average tip amount\",\"type\":\"heatmap\",\"params\":{\"type\":\"heatmap\",\"addTooltip\":true,\"addLegend\":true,\"enableHover\":false,\"legendPosition\":\"right\",\"times\":[],\"colorsNumber\":4,\"colorSchema\":\"Greens\",\"setColorRange\":false,\"colorsRange\":[],\"invertColors\":false,\"percentageMode\":false,\"valueAxes\":[{\"show\":false,\"id\":\"ValueAxis-1\",\"type\":\"value\",\"scale\":{\"type\":\"linear\",\"defaultYExtents\":false},\"labels\":{\"show\":false,\"rotate\":0,\"overwriteColor\":false,\"color\":\"#555\"}}]},\"aggs\":[{\"id\":\"1\",\"enabled\":true,\"type\":\"avg\",\"schema\":\"metric\",\"params\":{\"field\":\"tip_amount\"}},{\"id\":\"2\",\"enabled\":true,\"type\":\"date_histogram\",\"schema\":\"segment\",\"params\":{\"field\":\"@timestamp\",\"interval\":\"h\",\"customInterval\":\"2h\",\"min_doc_count\":1,\"extended_bounds\":{}}}]}",
      "uiStateJSON": "{\"vis\":{\"defaultColors\":{\"0 - 1\":\"rgb(247,252,245)\",\"1 - 2\":\"rgb(199,233,192)\",\"2 - 3\":\"rgb(116,196,118)\",\"3 - 3\":\"rgb(35,139,69)\"}}}",
      "description": "",
      "version": 1,
      "kibanaSavedObjectMeta": {
        "searchSourceJSON": "{\"index\":\"441a7ea0-8c66-11e8-87fa-7bd57befa5ed\",\"filter\":[],\"query\":{\"query\":\"\",\"language\":\"lucene\"}}"
      }
    },
    "_meta": {
      "savedObjectVersion": 2
    }
  },
  {
    "_id": "ba10d4a0-8d52-11e8-8a22-b3f2ff370e99",
    "_type": "visualization",
    "_source": {
      "title": "[taxi]Average fare amount",
      "visState": "{\"title\":\"[taxi]Average fare amount\",\"type\":\"heatmap\",\"params\":{\"type\":\"heatmap\",\"addTooltip\":true,\"addLegend\":true,\"enableHover\":false,\"legendPosition\":\"right\",\"times\":[],\"colorsNumber\":4,\"colorSchema\":\"Greens\",\"setColorRange\":false,\"colorsRange\":[],\"invertColors\":false,\"percentageMode\":false,\"valueAxes\":[{\"show\":false,\"id\":\"ValueAxis-1\",\"type\":\"value\",\"scale\":{\"type\":\"linear\",\"defaultYExtents\":false},\"labels\":{\"show\":false,\"rotate\":0,\"overwriteColor\":false,\"color\":\"#555\"}}]},\"aggs\":[{\"id\":\"1\",\"enabled\":true,\"type\":\"avg\",\"schema\":\"metric\",\"params\":{\"field\":\"fare_amount\"}},{\"id\":\"2\",\"enabled\":true,\"type\":\"date_histogram\",\"schema\":\"segment\",\"params\":{\"field\":\"@timestamp\",\"interval\":\"h\",\"customInterval\":\"2h\",\"min_doc_count\":1,\"extended_bounds\":{}}}]}",
      "uiStateJSON": "{\"vis\":{\"defaultColors\":{\"0 - 9\":\"rgb(247,252,245)\",\"9 - 18\":\"rgb(199,233,192)\",\"18 - 27\":\"rgb(116,196,118)\",\"27 - 35\":\"rgb(35,139,69)\"}}}",
      "description": "",
      "version": 1,
      "kibanaSavedObjectMeta": {
        "searchSourceJSON": "{\"index\":\"441a7ea0-8c66-11e8-87fa-7bd57befa5ed\",\"filter\":[],\"query\":{\"query\":\"\",\"language\":\"lucene\"}}"
      }
    },
    "_meta": {
      "savedObjectVersion": 2
    }
  },
  {
    "_id": "6caa7d20-8d51-11e8-8a22-b3f2ff370e99",
    "_type": "visualization",
    "_source": {
      "title": "[taxi]Fares by dropoff location",
      "visState": "{\"title\":\"[taxi]Fares by dropoff location\",\"type\":\"pie\",\"params\":{\"type\":\"pie\",\"addTooltip\":true,\"addLegend\":true,\"legendPosition\":\"right\",\"isDonut\":true,\"labels\":{\"show\":false,\"values\":true,\"last_level\":true,\"truncate\":100}},\"aggs\":[{\"id\":\"1\",\"enabled\":true,\"type\":\"sum\",\"schema\":\"metric\",\"params\":{\"field\":\"fare_amount\",\"customLabel\":\"\"}},{\"id\":\"2\",\"enabled\":true,\"type\":\"terms\",\"schema\":\"segment\",\"params\":{\"field\":\"DOLocationID_t.keyword\",\"otherBucket\":false,\"otherBucketLabel\":\"Other\",\"missingBucket\":false,\"missingBucketLabel\":\"Missing\",\"size\":100,\"order\":\"desc\",\"orderBy\":\"1\"}}]}",
      "uiStateJSON": "{\"vis\":{\"legendOpen\":false}}",
      "description": "",
      "version": 1,
      "kibanaSavedObjectMeta": {
        "searchSourceJSON": "{\"index\":\"441a7ea0-8c66-11e8-87fa-7bd57befa5ed\",\"filter\":[],\"query\":{\"query\":\"\",\"language\":\"lucene\"}}"
      }
    },
    "_meta": {
      "savedObjectVersion": 2
    }
  },
  {
    "_id": "585e1bb0-8d51-11e8-8a22-b3f2ff370e99",
    "_type": "visualization",
    "_source": {
      "title": "[taxi]Fares by pickup location",
      "visState": "{\"title\":\"[taxi]Fares by pickup location\",\"type\":\"pie\",\"params\":{\"type\":\"pie\",\"addTooltip\":true,\"addLegend\":true,\"legendPosition\":\"right\",\"isDonut\":true,\"labels\":{\"show\":false,\"values\":true,\"last_level\":true,\"truncate\":100}},\"aggs\":[{\"id\":\"1\",\"enabled\":true,\"type\":\"sum\",\"schema\":\"metric\",\"params\":{\"field\":\"fare_amount\",\"customLabel\":\"\"}},{\"id\":\"2\",\"enabled\":true,\"type\":\"terms\",\"schema\":\"segment\",\"params\":{\"field\":\"PULocationID_t.keyword\",\"otherBucket\":false,\"otherBucketLabel\":\"Other\",\"missingBucket\":false,\"missingBucketLabel\":\"Missing\",\"size\":100,\"order\":\"desc\",\"orderBy\":\"1\"}}]}",
      "uiStateJSON": "{\"vis\":{\"legendOpen\":false}}",
      "description": "",
      "version": 1,
      "kibanaSavedObjectMeta": {
        "searchSourceJSON": "{\"index\":\"441a7ea0-8c66-11e8-87fa-7bd57befa5ed\",\"filter\":[],\"query\":{\"query\":\"\",\"language\":\"lucene\"}}"
      }
    },
    "_meta": {
      "savedObjectVersion": 2
    }
  },
  {
    "_id": "b2d513b0-8d32-11e8-8a22-b3f2ff370e99",
    "_type": "visualization",
    "_source": {
      "title": "[taxi]Pickup to Dropoff location sankey",
      "visState": "{\"title\":\"[taxi]Pickup to Dropoff location sankey\",\"type\":\"vega\",\"params\":{\"spec\":\"{\\n  \\\"$schema\\\": \\\"https://vega.github.io/schema/vega/v3.0.json\\\",\\n  \\\"data\\\": [\\n    {\\n      \\\"name\\\": \\\"rawData\\\",\\n      \\\"url\\\": {\\n        \\\"%context%\\\": true,\\n        \\\"%timefield%\\\": \\\"@timestamp\\\",\\n        \\\"index\\\": \\\"nyc-taxi*\\\",\\n        \\\"body\\\": {\\n          \\\"size\\\": 0,\\n          \\\"aggs\\\": {\\n            \\\"table\\\": {\\n              \\\"composite\\\": {\\n                \\\"size\\\": 1000,\\n                \\\"sources\\\": [\\n                  {\\\"stk1\\\": {\\\"terms\\\": {\\\"field\\\": \\\"PULocationID_t.keyword\\\"}}},\\n                  {\\\"stk2\\\": {\\\"terms\\\": {\\\"field\\\": \\\"DOLocationID_t.keyword\\\"}}}\\n                ]\\n              }\\n            }\\n          }\\n        }\\n      },\\n      \\\"format\\\": {\\\"property\\\": \\\"aggregations.table.buckets\\\"},\\n      \\\"transform\\\": [\\n        {\\\"type\\\": \\\"formula\\\", \\\"expr\\\": \\\"datum.key.stk1\\\", \\\"as\\\": \\\"stk1\\\"},\\n        {\\\"type\\\": \\\"formula\\\", \\\"expr\\\": \\\"datum.key.stk2\\\", \\\"as\\\": \\\"stk2\\\"},\\n        {\\\"type\\\": \\\"formula\\\", \\\"expr\\\": \\\"datum.doc_count\\\", \\\"as\\\": \\\"size\\\"}\\n      ]\\n    },\\n    {\\n      \\\"name\\\": \\\"nodes\\\",\\n      \\\"source\\\": \\\"rawData\\\",\\n      \\\"transform\\\": [\\n        {\\n          \\\"type\\\": \\\"filter\\\",\\n          \\\"expr\\\": \\\"!groupSelector || groupSelector.stk1 == datum.stk1 || groupSelector.stk2 == datum.stk2\\\"\\n        },\\n        {\\\"type\\\": \\\"formula\\\", \\\"expr\\\": \\\"datum.stk1+datum.stk2\\\", \\\"as\\\": \\\"key\\\"},\\n        {\\\"type\\\": \\\"fold\\\", \\\"fields\\\": [\\\"stk1\\\", \\\"stk2\\\"], \\\"as\\\": [\\\"stack\\\", \\\"grpId\\\"]},\\n        {\\n          \\\"type\\\": \\\"formula\\\",\\n          \\\"expr\\\": \\\"datum.stack == 'stk1' ? datum.stk1+datum.stk2 : datum.stk2+datum.stk1\\\",\\n          \\\"as\\\": \\\"sortField\\\"\\n        },\\n        {\\n          \\\"type\\\": \\\"stack\\\",\\n          \\\"groupby\\\": [\\\"stack\\\"],\\n          \\\"sort\\\": {\\\"field\\\": \\\"sortField\\\", \\\"order\\\": \\\"descending\\\"},\\n          \\\"field\\\": \\\"size\\\"\\n        },\\n        {\\\"type\\\": \\\"formula\\\", \\\"expr\\\": \\\"(datum.y0+datum.y1)/2\\\", \\\"as\\\": \\\"yc\\\"}\\n      ]\\n    },\\n    {\\n      \\\"name\\\": \\\"groups\\\",\\n      \\\"source\\\": \\\"nodes\\\",\\n      \\\"transform\\\": [\\n        {\\n          \\\"type\\\": \\\"aggregate\\\",\\n          \\\"groupby\\\": [\\\"stack\\\", \\\"grpId\\\"],\\n          \\\"fields\\\": [\\\"size\\\"],\\n          \\\"ops\\\": [\\\"sum\\\"],\\n          \\\"as\\\": [\\\"total\\\"]\\n        },\\n        {\\n          \\\"type\\\": \\\"stack\\\",\\n          \\\"groupby\\\": [\\\"stack\\\"],\\n          \\\"sort\\\": {\\\"field\\\": \\\"grpId\\\", \\\"order\\\": \\\"descending\\\"},\\n          \\\"field\\\": \\\"total\\\"\\n        },\\n        {\\\"type\\\": \\\"formula\\\", \\\"expr\\\": \\\"scale('y', datum.y0)\\\", \\\"as\\\": \\\"scaledY0\\\"},\\n        {\\\"type\\\": \\\"formula\\\", \\\"expr\\\": \\\"scale('y', datum.y1)\\\", \\\"as\\\": \\\"scaledY1\\\"},\\n        {\\\"type\\\": \\\"formula\\\", \\\"expr\\\": \\\"datum.stack == 'stk1'\\\", \\\"as\\\": \\\"rightLabel\\\"},\\n        {\\n          \\\"type\\\": \\\"formula\\\",\\n          \\\"expr\\\": \\\"datum.total/domain('y')[1]\\\",\\n          \\\"as\\\": \\\"percentage\\\"\\n        }\\n      ]\\n    },\\n    {\\n      \\\"name\\\": \\\"destinationNodes\\\",\\n      \\\"source\\\": \\\"nodes\\\",\\n      \\\"transform\\\": [{\\\"type\\\": \\\"filter\\\", \\\"expr\\\": \\\"datum.stack == 'stk2'\\\"}]\\n    },\\n    {\\n      \\\"name\\\": \\\"edges\\\",\\n      \\\"source\\\": \\\"nodes\\\",\\n      \\\"transform\\\": [\\n        {\\\"type\\\": \\\"filter\\\", \\\"expr\\\": \\\"datum.stack == 'stk1'\\\"},\\n        {\\n          \\\"type\\\": \\\"lookup\\\",\\n          \\\"from\\\": \\\"destinationNodes\\\",\\n          \\\"key\\\": \\\"key\\\",\\n          \\\"fields\\\": [\\\"key\\\"],\\n          \\\"as\\\": [\\\"target\\\"]\\n        },\\n        {\\n          \\\"type\\\": \\\"linkpath\\\",\\n          \\\"orient\\\": \\\"horizontal\\\",\\n          \\\"shape\\\": \\\"diagonal\\\",\\n          \\\"sourceY\\\": {\\\"expr\\\": \\\"scale('y', datum.yc)\\\"},\\n          \\\"sourceX\\\": {\\\"expr\\\": \\\"scale('x', 'stk1') + bandwidth('x')\\\"},\\n          \\\"targetY\\\": {\\\"expr\\\": \\\"scale('y', datum.target.yc)\\\"},\\n          \\\"targetX\\\": {\\\"expr\\\": \\\"scale('x', 'stk2')\\\"}\\n        },\\n        {\\n          \\\"type\\\": \\\"formula\\\",\\n          \\\"expr\\\": \\\"range('y')[0]-scale('y', datum.size)\\\",\\n          \\\"as\\\": \\\"strokeWidth\\\"\\n        },\\n        {\\n          \\\"type\\\": \\\"formula\\\",\\n          \\\"expr\\\": \\\"datum.size/domain('y')[1]\\\",\\n          \\\"as\\\": \\\"percentage\\\"\\n        }\\n      ]\\n    }\\n  ],\\n  \\\"scales\\\": [\\n    {\\n      \\\"name\\\": \\\"x\\\",\\n      \\\"type\\\": \\\"band\\\",\\n      \\\"range\\\": \\\"width\\\",\\n      \\\"domain\\\": [\\\"stk1\\\", \\\"stk2\\\"],\\n      \\\"paddingOuter\\\": 0.01,\\n      \\\"paddingInner\\\": 0.98\\n    },\\n    {\\n      \\\"name\\\": \\\"y\\\",\\n      \\\"type\\\": \\\"linear\\\",\\n      \\\"range\\\": \\\"height\\\",\\n      \\\"domain\\\": {\\\"data\\\": \\\"nodes\\\", \\\"field\\\": \\\"y1\\\"}\\n    },\\n    {\\n      \\\"name\\\": \\\"color\\\",\\n      \\\"type\\\": \\\"ordinal\\\",\\n      \\\"range\\\": \\\"category\\\",\\n      \\\"domain\\\": {\\\"data\\\": \\\"rawData\\\", \\\"field\\\": \\\"stk1\\\"}\\n    },\\n    {\\n      \\\"name\\\": \\\"stackNames\\\",\\n      \\\"type\\\": \\\"ordinal\\\",\\n      \\\"range\\\": [\\\"Pickup\\\", \\\"Dropoff\\\"],\\n      \\\"domain\\\": [\\\"stk1\\\", \\\"stk2\\\"]\\n    }\\n  ],\\n  \\\"axes\\\": [\\n    {\\n      \\\"orient\\\": \\\"bottom\\\",\\n      \\\"scale\\\": \\\"x\\\",\\n      \\\"encode\\\": {\\n        \\\"labels\\\": {\\n          \\\"update\\\": {\\n            \\\"text\\\": {\\\"scale\\\": \\\"stackNames\\\", \\\"field\\\": \\\"value\\\"},\\n            \\\"fontSize\\\": {\\\"value\\\": 14}\\n          }\\n        }\\n      }\\n    },\\n    {\\n      \\\"orient\\\": \\\"left\\\",\\n      \\\"scale\\\": \\\"y\\\",\\n      \\\"encode\\\": {\\\"labels\\\": {\\\"update\\\": {\\\"fontSize\\\": {\\\"value\\\": 12}}}}\\n    }\\n  ],\\n  \\\"marks\\\": [\\n    {\\n      \\\"type\\\": \\\"path\\\",\\n      \\\"name\\\": \\\"edgeMark\\\",\\n      \\\"from\\\": {\\\"data\\\": \\\"edges\\\"},\\n      \\\"clip\\\": true,\\n      \\\"encode\\\": {\\n        \\\"update\\\": {\\n          \\\"stroke\\\": [\\n            {\\n              \\\"test\\\": \\\"groupSelector && groupSelector.stack=='stk1'\\\",\\n              \\\"scale\\\": \\\"color\\\",\\n              \\\"field\\\": \\\"stk2\\\"\\n            },\\n            {\\\"scale\\\": \\\"color\\\", \\\"field\\\": \\\"stk1\\\"}\\n          ],\\n          \\\"strokeWidth\\\": {\\\"field\\\": \\\"strokeWidth\\\"},\\n          \\\"path\\\": {\\\"field\\\": \\\"path\\\"},\\n          \\\"strokeOpacity\\\": {\\n            \\\"signal\\\": \\\"!groupSelector && (groupHover.stk1 == datum.stk1 || groupHover.stk2 == datum.stk2) ? 0.75 : 0.3\\\"\\n          },\\n          \\\"zindex\\\": {\\n            \\\"signal\\\": \\\"!groupSelector && (groupHover.stk1 == datum.stk1 || groupHover.stk2 == datum.stk2) ? 1 : 0\\\"\\n          },\\n          \\\"tooltip\\\": {\\n            \\\"signal\\\": \\\"datum.stk1 + ' → ' + datum.stk2 + '    ' + format(datum.size, ',.0f') + '   (' + format(datum.percentage, '.1%') + ')'\\\"\\n          }\\n        },\\n        \\\"hover\\\": {\\\"strokeOpacity\\\": {\\\"value\\\": 0.75}}\\n      }\\n    },\\n    {\\n      \\\"type\\\": \\\"rect\\\",\\n      \\\"name\\\": \\\"groupMark\\\",\\n      \\\"from\\\": {\\\"data\\\": \\\"groups\\\"},\\n      \\\"encode\\\": {\\n        \\\"enter\\\": {\\n          \\\"fill\\\": {\\\"scale\\\": \\\"color\\\", \\\"field\\\": \\\"grpId\\\"},\\n          \\\"width\\\": {\\\"scale\\\": \\\"x\\\", \\\"band\\\": 1}\\n        },\\n        \\\"update\\\": {\\n          \\\"x\\\": {\\\"scale\\\": \\\"x\\\", \\\"field\\\": \\\"stack\\\"},\\n          \\\"y\\\": {\\\"field\\\": \\\"scaledY0\\\"},\\n          \\\"y2\\\": {\\\"field\\\": \\\"scaledY1\\\"},\\n          \\\"fillOpacity\\\": {\\\"value\\\": 0.7},\\n          \\\"tooltip\\\": {\\n            \\\"signal\\\": \\\"datum.grpId + '   ' + format(datum.total, ',.0f') + '   (' + format(datum.percentage, '.1%') + ')'\\\"\\n          }\\n        },\\n        \\\"hover\\\": {\\\"fillOpacity\\\": {\\\"value\\\": 1}}\\n      }\\n    },\\n    {\\n      \\\"type\\\": \\\"text\\\",\\n      \\\"from\\\": {\\\"data\\\": \\\"groups\\\"},\\n      \\\"interactive\\\": false,\\n      \\\"encode\\\": {\\n        \\\"update\\\": {\\n          \\\"x\\\": {\\n            \\\"signal\\\": \\\"scale('x', datum.stack) + (datum.rightLabel ? bandwidth('x') + 8 : -8)\\\"\\n          },\\n          \\\"yc\\\": {\\\"signal\\\": \\\"(datum.scaledY0 + datum.scaledY1)/2\\\"},\\n          \\\"align\\\": {\\\"signal\\\": \\\"datum.rightLabel ? 'left' : 'right'\\\"},\\n          \\\"baseline\\\": {\\\"value\\\": \\\"middle\\\"},\\n          \\\"fontWeight\\\": {\\\"value\\\": \\\"bold\\\"},\\n          \\\"fontSize\\\": {\\\"value\\\": 12},\\n          \\\"text\\\": {\\n            \\\"signal\\\": \\\"abs(datum.scaledY0-datum.scaledY1) > 10 ? datum.grpId : ''\\\"\\n          }\\n        }\\n      }\\n    },\\n    {\\n      \\\"type\\\": \\\"group\\\",\\n      \\\"data\\\": [\\n        {\\n          \\\"name\\\": \\\"dataForShowAll\\\",\\n          \\\"values\\\": [{}],\\n          \\\"transform\\\": [{\\\"type\\\": \\\"filter\\\", \\\"expr\\\": \\\"groupSelector\\\"}]\\n        }\\n      ],\\n      \\\"encode\\\": {\\n        \\\"enter\\\": {\\n          \\\"xc\\\": {\\\"signal\\\": \\\"width/2\\\"},\\n          \\\"y\\\": {\\\"value\\\": 30},\\n          \\\"width\\\": {\\\"value\\\": 100},\\n          \\\"height\\\": {\\\"value\\\": 36}\\n        }\\n      },\\n      \\\"marks\\\": [\\n        {\\n          \\\"type\\\": \\\"group\\\",\\n          \\\"name\\\": \\\"groupReset\\\",\\n          \\\"from\\\": {\\\"data\\\": \\\"dataForShowAll\\\"},\\n          \\\"encode\\\": {\\n            \\\"enter\\\": {\\n              \\\"cornerRadius\\\": {\\\"value\\\": 3.5},\\n              \\\"fill\\\": {\\\"value\\\": \\\"#666666\\\"},\\n              \\\"height\\\": {\\\"field\\\": {\\\"group\\\": \\\"height\\\"}},\\n              \\\"width\\\": {\\\"field\\\": {\\\"group\\\": \\\"width\\\"}}\\n            },\\n            \\\"update\\\": {\\\"opacity\\\": {\\\"value\\\": 1}},\\n            \\\"hover\\\": {\\\"fill\\\": {\\\"value\\\": \\\"#444444\\\"}}\\n          },\\n          \\\"marks\\\": [\\n            {\\n              \\\"type\\\": \\\"text\\\",\\n              \\\"interactive\\\": false,\\n              \\\"encode\\\": {\\n                \\\"enter\\\": {\\n                  \\\"xc\\\": {\\\"field\\\": {\\\"group\\\": \\\"width\\\"}, \\\"mult\\\": 0.5},\\n                  \\\"yc\\\": {\\\"field\\\": {\\\"group\\\": \\\"height\\\"}, \\\"mult\\\": 0.5, \\\"offset\\\": 1},\\n                  \\\"align\\\": {\\\"value\\\": \\\"center\\\"},\\n                  \\\"baseline\\\": {\\\"value\\\": \\\"middle\\\"},\\n                  \\\"text\\\": {\\\"value\\\": \\\"Show All\\\"},\\n                  \\\"fontSize\\\": {\\\"value\\\": 14},\\n                  \\\"stroke\\\": {\\\"value\\\": \\\"#ecf0f1\\\"}\\n                }\\n              }\\n            }\\n          ]\\n        }\\n      ]\\n    }\\n  ],\\n  \\\"signals\\\": [\\n    {\\n      \\\"name\\\": \\\"groupHover\\\",\\n      \\\"value\\\": {},\\n      \\\"on\\\": [\\n        {\\n          \\\"events\\\": \\\"@groupMark:mouseover\\\",\\n          \\\"update\\\": \\\"{stk1:datum.stack=='stk1' && datum.grpId, stk2:datum.stack=='stk2' && datum.grpId}\\\"\\n        },\\n        {\\\"events\\\": \\\"mouseout\\\", \\\"update\\\": \\\"{}\\\"}\\n      ]\\n    },\\n    {\\n      \\\"name\\\": \\\"groupSelector\\\",\\n      \\\"value\\\": false,\\n      \\\"on\\\": [\\n        {\\n          \\\"events\\\": \\\"@groupMark:click!\\\",\\n          \\\"update\\\": \\\"{stack:datum.stack, stk1:datum.stack=='stk1' && datum.grpId, stk2:datum.stack=='stk2' && datum.grpId}\\\"\\n        },\\n        {\\n          \\\"events\\\": [\\n            {\\\"type\\\": \\\"click\\\", \\\"markname\\\": \\\"groupReset\\\"},\\n            {\\\"type\\\": \\\"dblclick\\\"}\\n          ],\\n          \\\"update\\\": \\\"false\\\"\\n        }\\n      ]\\n    }\\n  ]\\n}\"},\"aggs\":[]}",
      "uiStateJSON": "{}",
      "description": "",
      "version": 1,
      "kibanaSavedObjectMeta": {
        "searchSourceJSON": "{}"
      }
    },
    "_meta": {
      "savedObjectVersion": 2
    }
  },
  {
    "_id": "b97fe9d0-8d53-11e8-8a22-b3f2ff370e99",
    "_type": "visualization",
    "_source": {
      "title": "[taxi]Average Taxi Fares",
      "visState": "{\"title\":\"[taxi]Average Taxi Fares\",\"type\":\"line\",\"params\":{\"type\":\"line\",\"grid\":{\"categoryLines\":false,\"style\":{\"color\":\"#eee\"}},\"categoryAxes\":[{\"id\":\"CategoryAxis-1\",\"type\":\"category\",\"position\":\"bottom\",\"show\":true,\"style\":{},\"scale\":{\"type\":\"linear\"},\"labels\":{\"show\":true,\"truncate\":100},\"title\":{}}],\"valueAxes\":[{\"id\":\"ValueAxis-1\",\"name\":\"LeftAxis-1\",\"type\":\"value\",\"position\":\"left\",\"show\":true,\"style\":{},\"scale\":{\"type\":\"linear\",\"mode\":\"normal\"},\"labels\":{\"show\":true,\"rotate\":0,\"filter\":false,\"truncate\":100},\"title\":{\"text\":\"Average total_amount\"}}],\"seriesParams\":[{\"show\":\"true\",\"type\":\"line\",\"mode\":\"normal\",\"data\":{\"label\":\"Average total_amount\",\"id\":\"1\"},\"valueAxis\":\"ValueAxis-1\",\"drawLinesBetweenPoints\":true,\"showCircles\":true}],\"addTooltip\":true,\"addLegend\":true,\"legendPosition\":\"right\",\"times\":[],\"addTimeMarker\":false},\"aggs\":[{\"id\":\"1\",\"enabled\":true,\"type\":\"avg\",\"schema\":\"metric\",\"params\":{\"field\":\"total_amount\"}},{\"id\":\"2\",\"enabled\":true,\"type\":\"date_histogram\",\"schema\":\"segment\",\"params\":{\"field\":\"@timestamp\",\"interval\":\"auto\",\"customInterval\":\"2h\",\"min_doc_count\":1,\"extended_bounds\":{}}}]}",
      "uiStateJSON": "{}",
      "description": "",
      "version": 1,
      "kibanaSavedObjectMeta": {
        "searchSourceJSON": "{\"index\":\"441a7ea0-8c66-11e8-87fa-7bd57befa5ed\",\"filter\":[],\"query\":{\"query\":\"\",\"language\":\"lucene\"}}"
      }
    },
    "_meta": {
      "savedObjectVersion": 2
    }
  },
  {
    "_id": "9f049600-8d53-11e8-8a22-b3f2ff370e99",
    "_type": "visualization",
    "_source": {
      "title": "[taxi]Total Taxi Fares",
      "visState": "{\"title\":\"[taxi]Total Taxi Fares\",\"type\":\"line\",\"params\":{\"type\":\"line\",\"grid\":{\"categoryLines\":false,\"style\":{\"color\":\"#eee\"}},\"categoryAxes\":[{\"id\":\"CategoryAxis-1\",\"type\":\"category\",\"position\":\"bottom\",\"show\":true,\"style\":{},\"scale\":{\"type\":\"linear\"},\"labels\":{\"show\":true,\"truncate\":100},\"title\":{}}],\"valueAxes\":[{\"id\":\"ValueAxis-1\",\"name\":\"LeftAxis-1\",\"type\":\"value\",\"position\":\"left\",\"show\":true,\"style\":{},\"scale\":{\"type\":\"linear\",\"mode\":\"normal\"},\"labels\":{\"show\":true,\"rotate\":0,\"filter\":false,\"truncate\":100},\"title\":{\"text\":\"Sum of total_amount\"}}],\"seriesParams\":[{\"show\":\"true\",\"type\":\"line\",\"mode\":\"normal\",\"data\":{\"label\":\"Sum of total_amount\",\"id\":\"1\"},\"valueAxis\":\"ValueAxis-1\",\"drawLinesBetweenPoints\":true,\"showCircles\":true}],\"addTooltip\":true,\"addLegend\":true,\"legendPosition\":\"right\",\"times\":[],\"addTimeMarker\":false},\"aggs\":[{\"id\":\"1\",\"enabled\":true,\"type\":\"sum\",\"schema\":\"metric\",\"params\":{\"field\":\"total_amount\"}},{\"id\":\"2\",\"enabled\":true,\"type\":\"date_histogram\",\"schema\":\"segment\",\"params\":{\"field\":\"@timestamp\",\"interval\":\"h\",\"customInterval\":\"2h\",\"min_doc_count\":1,\"extended_bounds\":{}}}]}",
      "uiStateJSON": "{}",
      "description": "",
      "version": 1,
      "kibanaSavedObjectMeta": {
        "searchSourceJSON": "{\"index\":\"441a7ea0-8c66-11e8-87fa-7bd57befa5ed\",\"filter\":[],\"query\":{\"query\":\"\",\"language\":\"lucene\"}}"
      }
    },
    "_meta": {
      "savedObjectVersion": 2
    }
  },
  {
    "_id": "3245ff20-8d23-11e8-8a22-b3f2ff370e99",
    "_type": "visualization",
    "_source": {
      "title": "[taxi]Top Pickup Locations",
      "visState": "{\"title\":\"[taxi]Top Pickup Locations\",\"type\":\"metrics\",\"params\":{\"id\":\"61ca57f0-469d-11e7-af02-69e470af7417\",\"type\":\"top_n\",\"series\":[{\"id\":\"61ca57f1-469d-11e7-af02-69e470af7417\",\"color\":\"rgba(211,49,21,1)\",\"split_mode\":\"terms\",\"metrics\":[{\"id\":\"61ca57f2-469d-11e7-af02-69e470af7417\",\"type\":\"sum\",\"field\":\"total_amount\"},{\"sigma\":\"\",\"id\":\"0e8583a0-8f65-11e8-bfae-51c00f85c3e7\",\"type\":\"sum_bucket\",\"field\":\"61ca57f2-469d-11e7-af02-69e470af7417\"}],\"seperate_axis\":0,\"axis_position\":\"right\",\"formatter\":\"$0,000\",\"chart_type\":\"line\",\"line_width\":1,\"point_size\":1,\"fill\":0.5,\"stacked\":\"none\",\"terms_field\":\"PULocationID_t.keyword\",\"terms_order_by\":\"61ca57f2-469d-11e7-af02-69e470af7417\"}],\"time_field\":\"@timestamp\",\"index_pattern\":\"nyc-taxi-*\",\"interval\":\"auto\",\"axis_position\":\"left\",\"axis_formatter\":\"number\",\"show_legend\":1,\"show_grid\":1,\"background_color_rules\":[{\"id\":\"3bad46f0-8c64-11e8-8c01-33e20e1f1b3d\"}],\"bar_color_rules\":[{\"id\":\"3c6ee940-8c64-11e8-8c01-33e20e1f1b3d\"}],\"gauge_color_rules\":[{\"id\":\"3d278ae0-8c64-11e8-8c01-33e20e1f1b3d\"}],\"gauge_width\":10,\"gauge_inner_width\":10,\"gauge_style\":\"half\"},\"aggs\":[]}",
      "uiStateJSON": "{}",
      "description": "",
      "version": 1,
      "kibanaSavedObjectMeta": {
        "searchSourceJSON": "{}"
      }
    },
    "_meta": {
      "savedObjectVersion": 2
    }
  },
  {
    "_id": "1a169720-8d23-11e8-8a22-b3f2ff370e99",
    "_type": "visualization",
    "_source": {
      "title": "[taxi]Top Dropoff Locations",
      "visState": "{\"title\":\"[taxi]Top Dropoff Locations\",\"type\":\"metrics\",\"params\":{\"id\":\"61ca57f0-469d-11e7-af02-69e470af7417\",\"type\":\"top_n\",\"series\":[{\"id\":\"61ca57f1-469d-11e7-af02-69e470af7417\",\"color\":\"#68BC00\",\"split_mode\":\"terms\",\"metrics\":[{\"id\":\"61ca57f2-469d-11e7-af02-69e470af7417\",\"type\":\"sum\",\"field\":\"total_amount\"},{\"sigma\":\"\",\"id\":\"c5241d20-8f64-11e8-bfae-51c00f85c3e7\",\"type\":\"sum_bucket\",\"field\":\"61ca57f2-469d-11e7-af02-69e470af7417\"}],\"seperate_axis\":0,\"axis_position\":\"right\",\"formatter\":\"$0,000\",\"chart_type\":\"line\",\"line_width\":1,\"point_size\":1,\"fill\":0.5,\"stacked\":\"none\",\"terms_field\":\"DOLocationID_t.keyword\",\"terms_order_by\":\"61ca57f2-469d-11e7-af02-69e470af7417\"}],\"time_field\":\"@timestamp\",\"index_pattern\":\"nyc-taxi-*\",\"interval\":\"auto\",\"axis_position\":\"left\",\"axis_formatter\":\"number\",\"show_legend\":1,\"show_grid\":1,\"background_color_rules\":[{\"id\":\"3bad46f0-8c64-11e8-8c01-33e20e1f1b3d\"}],\"bar_color_rules\":[{\"id\":\"3c6ee940-8c64-11e8-8c01-33e20e1f1b3d\"}],\"gauge_color_rules\":[{\"id\":\"3d278ae0-8c64-11e8-8c01-33e20e1f1b3d\"}],\"gauge_width\":10,\"gauge_inner_width\":10,\"gauge_style\":\"half\"},\"aggs\":[]}",
      "uiStateJSON": "{}",
      "description": "",
      "version": 1,
      "kibanaSavedObjectMeta": {
        "searchSourceJSON": "{}"
      }
    },
    "_meta": {
      "savedObjectVersion": 2
    }
  },
  {
    "_id": "1789e7b0-8f66-11e8-b05e-ddb4a1e44d1c",
    "_type": "visualization",
    "_source": {
      "title": "[taxi]Pickup and Dropoff control",
      "visState": "{\"title\":\"[taxi]Pickup and Dropoff control\",\"type\":\"input_control_vis\",\"params\":{\"controls\":[{\"id\":\"1532452833199\",\"indexPattern\":\"441a7ea0-8c66-11e8-87fa-7bd57befa5ed\",\"fieldName\":\"PULocationID_t.keyword\",\"parent\":\"\",\"label\":\"Pickup Location\",\"type\":\"list\",\"options\":{\"type\":\"terms\",\"multiselect\":true,\"size\":1000,\"order\":\"desc\"}},{\"id\":\"1532452864960\",\"indexPattern\":\"441a7ea0-8c66-11e8-87fa-7bd57befa5ed\",\"fieldName\":\"DOLocationID_t.keyword\",\"parent\":\"1532452833199\",\"label\":\"Drop Off Locations\",\"type\":\"list\",\"options\":{\"type\":\"terms\",\"multiselect\":true,\"size\":1005,\"order\":\"desc\"}}],\"updateFiltersOnChange\":false,\"useTimeFilter\":true,\"pinFilters\":false},\"aggs\":[]}",
      "uiStateJSON": "{}",
      "description": "",
      "version": 1,
      "kibanaSavedObjectMeta": {
        "searchSourceJSON": "{}"
      }
    },
    "_meta": {
      "savedObjectVersion": 2
    }
  }
]