{
  "settings": {
    "index": {
      "number_of_shards": 1,
      "elastiknn": true,
      "refresh_interval": "50s",
      "blocks": {
        "read_only_allow_delete": "false"
      }
    }
  },
  "mappings": {
      "properties": {
        "_text_": {
          "type": "text",
          "fields": {
            "keyword": {
              "type": "keyword",
              "ignore_above": 256
            }
          }
        },
        "id": {
          "type": "long"
        },
        "url": {
          "type": "text",
          "fields": {
            "keyword": {
              "type": "keyword",
              "ignore_above": 256
            }
          }
        },
        "vector": {
            "type": "elastiknn_dense_float_vector",
            "elastiknn": {
                "dims": 768,
                "model": "lsh",
                "similarity": "angular",
                "L": 99,
                "k": 1
            }
        }
      }
  }
}
