{
  "settings": {
    "number_of_shards": 1,
    "number_of_replicas": 0,
    "index": {
      "knn": true,
      "knn.space_type": "cosinesimil",
      "refresh_interval": "-1",
      "merge.scheduler.max_thread_count": 1
    }
  },
  "mappings": {
    "properties": {
      "_text_": {
          "type": "text",
          "fields": {
            "keyword": {
              "type": "keyword",
              "ignore_above": 256
            }
          }
        },
        "id": {
          "type": "long"
        },
        "url": {
          "type": "text",
          "fields": {
            "keyword": {
              "type": "keyword",
              "ignore_above": 256
            }
          }
        },
      "vector": {
        "type": "knn_vector",
        "dimension": 768
      }
    }
  }
}