{
  "mappings": {
      "properties": {
        "_text_": {
          "type": "text",
          "fields": {
            "keyword": {
              "type": "keyword",
              "ignore_above": 256
            }
          }
        },
        "id": {
          "type": "long"
        },
        "url": {
          "type": "text",
          "fields": {
            "keyword": {
              "type": "keyword",
              "ignore_above": 256
            }
          }
        },
        "vector": {
          "type": "dense_vector",
          "dims": 768
        }
      }
  }
}

